id,topic,content,pdf_file,created_by,updated_by
8,8,"<h2>Cultural Heritage and the Arts in Nigeria (EDA 106)</h2>
<h3>Introduction</h3>
<p>The cultural ecosystem of Nigeria is a vibrant tapestry composed of over 250 distinct ethnic Nationalities, each boasting unique historical narratives, socio-spiritual value configurations, and highly sophisticated modes of artistic externalization. Within the pedagogical structural layout of <strong>EDA 106: Arts Education and Culture</strong>, examining cultural heritage through material and performative expressions provides undergraduate students with a deeper appreciation of historical continuity. In the words of pioneer African cultural historians, art inside the traditional African matrix is never an isolated decorative luxury; it functions as the central nervous system of society. It documents legal configurations, maps out genealogies, enforces religious cosmologies, and serves as an instrument of communal solidarity. For pre-service educators, studying these heritages forms the basis for culturally responsive teaching inside contemporary classrooms.</p>
<h3>Key Concepts</h3>
<p>To analyze the historical intersections of art and culture, specialized concepts must be established. <strong>Cultural Heritage</strong> includes both tangible elements (such as historical artifacts, architectural ruins, and sacred spaces) and intangible elements (such as oral histories, performance styles, spiritual rituals, and value frameworks). <strong>Material Culture</strong> refers specifically to the physical, touchable items created by human labor to fulfill socio-cultural, technical, or spiritual needs. The concept of <strong>Aesthetic Continuity</strong> describes the ongoing survival and active adaptation of traditional design motifs, production techniques, and artistic themes across successive generations, remaining strong even when confronted with external historical disruptions like colonization or globalization.</p>
<h3>Theoretical Framework</h3>
<p>This course module is grounded in Edward Said's critique of **Post-Colonial Theory** and Kwasi Wiredu's philosophy of **Conceptual Decolonization**. Post-colonial theory provides the critical tools needed to dissect how Western systems historically minimized, misclassified, or stolen African material expressions, viewing them as primitive artifacts rather than sophisticated cultural records. Wiredu's framework adds to this by showing how modern African educators can intentionally reclaim indigenous artistic concepts, language indices, and aesthetic values. This process strips away colonial biases and establishes a localized educational framework that respects the intellectual depth and validity of traditional African creative expressions.</p>
<h3>Nigerian Context and Application</h3>
<p>Nigeria contains some of the most historically significant artistic heritages on the African continent. This legacy includes the technical precision of the ancient <strong>Nok Terracotta</strong> cultures (dating back to 1500 BC), the classical naturalism of <strong>Ife Brass Castings</strong>, the intricate copper alloy works of <strong>Igbo-Ukwu</strong>, and the royal court art represented by the world-renowned <strong>Benin Bronzes</strong>. These historical collections were not designed for passive exhibition inside modern galleries; they operated as living institutions. For example, Benin plaques documented official state events, royal accessions, and military achievements, providing a permanent historical archive for the kingdom. Understanding this deep integration of art into statecraft and community identity allows students to appreciate the intellectual foundations of Nigerian material culture.</p>
<h3>Practical Classroom Implications</h3>
<p>When bringing these heritages into secondary school classrooms, teachers must design learning tasks that treat traditional artifacts as active historical records. Instead of asking students to memorize names and dates from a textbook, teachers can organize **Local Heritage Exploration Units**. In these lessons, students analyze the design choices, material sources, and social functions of artifacts from their immediate region. For instance, students can study the geometric codes of local pottery or fabric designs, exploring how these visual patterns carry specific community messages. Practical assignments can challenge students to create modern interpretations of traditional motifs, ensuring that ancestral creative languages remain alive, relevant, and understood by contemporary youth.</p>
<h3>Summary</h3>
<p>Nigerian cultural heritage is a rich resource preserved through sophisticated visual, material, and performative expressions. Grounded in post-colonial theory and conceptual decolonization, studying this heritage helps dismantle historical biases and reconstruct cultural confidence. Teachers must actively integrate these historical masterworks into classroom projects, encouraging students to analyze traditional forms as dynamic systems of knowledge and historical documentation.</p>
<h3>References</h3>
<ul class='references'>
  <li>Eyo, E., & Willett, F. (1980). <em>Treasures of Ancient Nigeria</em>. London: Royal Academy of Arts.</li>
  <li>Said, E. W. (1978). <em>Orientalism</em>. New York: Pantheon Books.</li>
  <li>Shaw, T. (1970). <em>Igbo-Ukwu: An Account of Archaeological Discoveries in Eastern Nigeria</em>. London: Faber and Faber.</li>
  <li>Wiredu, K. (1995). <em>Conceptual Decolonization in African Philosophy</em>. Ibadan: Hope Publications.</li>
  <li>Willett, F. (1967). <em>Ife in the History of West African Sculpture</em>. London: Thames and Hudson.</li>
</ul>",,1,1
9,9,"<h2>Traditional Festivals and Performing Arts (EDA 106)</h2>
<h3>Introduction</h3>
<p>Traditional African festivals represent complete, immersive cultural institutions where visual, performing, and literary arts unite into a singular communal experience. Within the study of <strong>EDA 106</strong>, traditional festivals are not analyzed as mere historical entertainment, but as vital mechanisms for community governance, historical preservation, and cultural transmission. These seasonal events celebrate agricultural cycles, historical events, spiritual connections, and major life transitions. For undergraduate pre-service educators, analyzing the performative structures of these celebrations provides deep insight into how traditional African societies deliver holistic education, reinforcing social values, moral boundaries, and civic responsibilities through music, dance, and dramatic enactment.</p>
<h3>Key Concepts</h3>
<p>Understanding traditional performances requires a clear grasp of several multi-modal concepts. <strong>Total Theatre</strong> describes the traditional African approach to performance where music, choreography, drama, poetry, costuming, and visual arts are completely integrated into a single, unified presentation. <strong>Communal Participatory Performance</strong> refers to a performance structure that rejects the strict division between actors and passive audiences, inviting all community members to actively participate through call-and-response vocals, shared dance movements, or rhythmic clapping. <strong>Masquerade Performance (Mmanwu/Egungun)</strong> is a complex institution where costumed figures combine spiritual presence, artistic design, and physical theater to enforce local laws, resolve disputes, and honor ancestral legacies.</p>
<h3>Theoretical Framework</h3>
<p>This course module is grounded in Victor Turner’s theory of <strong>Liminality and Ritual Process</strong> alongside Professor Wole Soyinka’s essay collection <strong>Myth, Literature and the African World</strong>. Turner explained that festivals create a unique 'liminal space'—a sacred, transitional timeframe where normal social rules are suspended, allowing communities to renew their social bonds, heal collective traumas, and realign with their core values. Soyinka expanded on this by defining the 'Fourth Stage' in African performance metaphysics, showing that masquerades and ritual dramas do not simply represent stories; they allow performers and the community to cross spiritual boundaries, bridging the worlds of ancestors, the living, and the unborn to maintain cosmic harmony.</p>
<h3>Nigerian Context and Application</h3>
<p>Nigeria features an incredible variety of traditional festivals that demonstrate the power of integrated performing arts. The annual <strong>Argungu Fishing Festival</strong> in Kebbi State combines intense athletic competition with complex water choreography, traditional drumming, and praise-singing, celebrating community resource management and regional peace. The <strong>Osun-Osogbo Festival</strong> in Osun State unites sacred rituals, traditional typography, and Yoruba musical theater to honor natural spirits and historical lineages. Across southeastern Nigeria, the **New Yam Festival (Iri Ji)** uses energetic dances, dynamic masquerade appearances (such as the towering *Ijele*), and oral poetry to reinforce agricultural values, family ties, and moral accountability across communities.</p>
<h3>Practical Classroom Implications</h3>
<p>For modern educators, the rich structure of traditional festivals provides an excellent blueprint for designing engaging, active learning experiences. Teachers can design **Festival Simulation Projects** where students collaborate across artistic disciplines to plan a themed performance. In these projects, students take on diverse roles: some compose rhythmic accompaniment on local instruments, others design and construct masks using paper-mâché, choreograph symbolic movements, or write scripts based on traditional oral history. This approach ensures that students learn about the components of performance while discovering how collaborative creation builds shared accountability, communication skills, and mutual respect among peers.</p>
<h3>Summary</h3>
<p>Traditional festivals operate as complex, multi-modal institutions that preserve community history and reinforce values through integrated artistic performances. Guided by theories of liminality and ritual drama, these events combine music, dance, and design to support continuous community learning and shared identity. Educators should leverage these collaborative performance models to design active, project-based assignments that foster creative teamwork and cultural literacy.</p>
<h3>References</h3>
<ul class='references'>
  <li>Amankulor, J. N. (1981). <em>The condition of ritual in African theatrical performance</em>. Theatre Research International, 6(3), 203-214.</li>
  <li>Soyinka, W. (1976). <em>Myth, Literature and the African World</em>. Cambridge: Cambridge University Press.</li>
  <li>Turner, V. (1969). <em>The Ritual Process: Structure and Anti-Structure</em>. Chicago: Aldine Publishing.</li>
  <li>Nzewi, M. (1991). <em>Musical Practice and Creativity: An African Traditional Perspective</em>. Bayreuth: Iwalewa-Haus.</li>
  <li>Ogunbiyi, Y. (Ed.). (1981). <em>Drama and Theatre in Nigeria: A Critical Source Book</em>. Lagos: Nigeria Magazine.</li>
</ul>",,1,1
10,10,"<h2>Indigenous Identity and Symbolic Imagery (EDA 106)</h2>
<h3>Introduction</h3>
<p>Visual languages within traditional African societies rely on deep networks of symbolic imagery to encode complex cultural values, social structures, and philosophical belief systems. Within the academic framework of <strong>EDA 106</strong>, studying symbolic imagery helps pre-service teachers understand how visual designs communicate identity without relying on written text. Indigenous design systems do not focus on superficial decoration; they provide an active, visual record of a person's lineage, social rank, political role, spiritual achievements, and ethical commitments. By exploring how these visual languages are constructed, students develop the visual literacy skills needed to decode traditional iconography and understand how historical symbols continue to shape contemporary concepts of national and personal identity in modern Nigeria.</p>
<h3>Key Concepts</h3>
<p>To analyze visual communication effectively, students must master key artistic terms. <strong>Iconography</strong> is the systematic study of the visual images, symbols, and motifs used in art to convey specific cultural meanings. <strong>Visual Semiotics</strong> examines how visual elements function as 'signs' within a culture, analyzing how specific combinations of color, texture, and shape transmit complex messages. <strong>Visual Identity Markers</strong> are unique design systems worn on the body, woven into fabrics, or carved onto objects to indicate a person's specific ethnic lineage, gender role, political status, or spiritual office within the community framework.</p>
<h3>Theoretical Framework</h3>
<p>This module is built on the foundations of <strong>Social Constructivism</strong>, championed by Lev Vygotsky, and the principles of <strong>Visual Culture Theory</strong> outlined by W.J.T. Mitchell. Social constructivism establishes that meaning is built through shared social interactions, showing that a symbol's power depends completely on a community's shared values and agreements. Mitchell's visual theory expands on this by encouraging students to treat images as active historical forces that shape how people understand power, gender, and social status. These frameworks help students see that traditional designs are not passive historical items, but active, visual conversations about a society's values and beliefs.</p>
<h3>Nigerian Context and Application</h3>
<p>Nigeria features world-famous examples of highly structured visual symbol systems. The complex geometry of **Yoruba Adire Cloth** uses specific visual patterns—like the *Oko-pe* (cassava leaves) or *Ebin-nla* (large centipede)—to communicate prayers, social status, and local proverbs. Across southeastern Nigeria, the historic **Nsibidi** writing system uses a vast library of abstract pictographs carved into stones, woven into cloths, or painted on skins to communicate complex laws, historical records, and spiritual truths. Similarly, the graceful lines of **Uli Body and Wall Motifs** utilize negative space and flowing geometric shapes to celebrate natural beauty, community status, and seasonal changes, demonstrating the sophistication of indigenous design systems.</p>
<h3>Practical Classroom Implications</h3>
<p>When teaching symbolic imagery in modern schools, educators should shift from simple identification tasks to deep analytical projects. Teachers can design **Visual Decoding Labs** where students analyze traditional patterns to uncover the underlying social messages, historical context, and philosophical ideas they represent. In the studio, students can complete **Symbolic Autobiography Projects**. In these assignments, students research traditional design concepts from systems like Nsibidi, Uli, or Adire, and then design their own personal symbols to represent their family histories, values, and future goals, connecting ancestral design traditions with modern personal identities.</p>
<h3>Summary</h3>
<p>Indigenous symbolic imagery operates as a sophisticated visual language that encodes cultural identity, social status, and philosophical systems. Grounded in social constructivism and visual culture theory, studying these iconographic systems helps students discover how visual designs actively shape community values and histories. Teachers should use these design frameworks to build students' visual literacy skills, challenging them to create meaningful personal symbols using traditional design principles.</p>
<h3>References</h3>
<ul class='references'>
  <li>Achi, B. (1992). <em>Nsibidi: An indigenous writing system in southeastern Nigeria</em>. Journal of African History, 14(1), 33-47.</li>
  <li>Adams, M. (1989). <em>Beyond symmetry in African design</em>. African Arts, 23(1), 34-43.</li>
  <li>Mitchell, W. J. T. (1994). <em>Picture Theory: Essays on Verbal and Visual Representation</em>. Chicago: University of Chicago Press.</li>
  <li>Udechukwu, O. (1981). <em>Uli: An indigenous graphic language</em>. In Y. Ogunbiyi (Ed.), *Drama and Theatre in Nigeria*. Lagos: Nigeria Magazine.</li>
  <li>Vygotsky, L. S. (1978). <em>Mind in Society</em>. Cambridge: Harvard University Press.</li>
</ul>",,1,1
11,11,"<h2>Impact of Colonialism on African Art Forms (EDA 106)</h2>
<h3>Introduction</h3>
<p>The historical arrival and systematic imposition of European colonial structures across West Africa deeply altered the development, social status, and practice of indigenous creative traditions. Within the academic curriculum of <strong>EDA 106</strong>, analyzing this historical impact is essential for pre-service teachers. Colonial intervention was not limited to political and economic control; it included deliberate cultural policies that disrupted traditional lifestyles. Colonial administrations, supported by early religious mission groups, often dismantled the traditional community networks that funded and preserved African art. By studying these historical changes, undergraduate students understand how traditional art was separated from everyday life, preparing them to lead efforts to preserve and revitalize indigenous heritage in modern classrooms.</p>
<h3>Key Concepts</h3>
<p>To analyze this historical shift accurately, several key sociolinguistic and historical terms must be defined. <strong>Cultural Hybridity</strong> refers to the complex blending of European styles, materials, and ideas with traditional African creative practices, creating entirely new artistic movements. <strong>Iconoclasm</strong> describes the deliberate, systematic destruction or suppression of a culture's religious symbols, visual artifacts, and sacred performance heritages, often driven by colonial or missionary groups who labeled local arts as primitive or forbidden. The <strong>Commodification of Art</strong> describes the shift where traditional creative works were removed from their original spiritual and communal roles and transformed into commercial goods sold to foreign tourists or art collectors.</p>
<h3>Theoretical Framework</h3>
<p>This module is built on Frantz Fanon's analysis of <strong>Colonial Alienation</strong> outlined in <strong>The Wretched of the Earth</strong>, alongside Ngũgĩ wa Thiong'o's theories on <strong>Decolonising the Mind</strong>. Fanon explained that colonial systems systematically devalued local cultural heritages, causing colonized people to lose confidence in their own identity and traditions. Ngũgĩ expanded on this by showing that true decolonization requires more than just political independence; it demands that a society liberate its education systems and creative languages from colonial control, allowing communities to rediscover and take pride in their original intellectual heritages.</p>
<h3>Nigerian Context and Application</h3>
<p>In Nigeria, the impact of colonial intervention is visible in the tragic events of the **1897 British Punitive Expedition to Benin**. During this assault, the British military looted thousands of sacred ivory carvings and brass plaques from the Royal Palace, burning the city and selling these cultural treasures to European museums. This violent displacement turned sacred historical records into commercial museum displays. Similarly, throughout southwestern and southeastern Nigeria, early missionary schools banned traditional drumming, masquerade performances, and wood carving, viewing them as anti-Christian. This policy caused many young people to lose touch with ancestral skills and design philosophies, changing the path of Nigerian creative education for generations.</p>
<h3>Practical Classroom Implications</h3>
<p>When teaching this complex history in secondary schools, educators must avoid letting students become passive or discouraged; instead, they should focus on creative reconstruction. Teachers can organize **Artistic Reconstruction Workshops** where students examine how modern African artists successfully blend traditional styles with modern techniques. For example, students can study the works of pioneer artists like **Ben Enwonwu** or the **Oshogbo Art Movement**, analyzing how they used Western training to express authentic African identities. Practical projects can challenge students to create artworks that address modern social issues using traditional design patterns, showing them that cultural heritage is a resilient, living language that adapts to history.</p>
<h3>Summary</h3>
<p>Colonial intervention altered African creative traditions through systematic iconoclasm, material looting, and the commercialization of sacred artifacts. Grounded in the post-colonial theories of Fanon and Ngũgĩ, analyzing this history allows students to understand the root causes of cultural loss and identity displacement. Teachers should use these historical insights to design empowering studio projects that combine traditional roots with modern perspectives, helping students reclaim creative confidence and cultural resilience.</p>
<h3>References</h3>
<ul class='references'>
  <li>Coombes, A. E. (1994). <em>Reinventing Africa: Museums, Material Culture and Popular Imagination</em>. New Haven: Yale University Press.</li>
  <li>Enwonwu, B. (1956). <em>Problems of the African artist today</em>. Présence Africaine, 8, 174-178.</li>
  <li>Fanon, F. (1963). <em>The Wretched of the Earth</em>. New York: Grove Press.</li>
  <li>Ngũgĩ wa Thiong'o. (1986). <em>Decolonising the Mind: The Politics of Language in African Literature</em>. London: James Currey.</li>
  <li>Home, R. (1982). <em>City of Blood Revisited: A New Look at the Benin Expedition of 1897</em>. London: Headley Brothers.</li>
</ul>",,1,1
12,12,"<h2>Modernization and Contemporary Artistic Expressions (EDA 106)</h2>
<h3>Introduction</h3>
<p>The ongoing growth of urban centers, technological access, and global communication networks across West Africa has created a dynamic new era of contemporary artistic expression. Within the course structure of <strong>EDA 106</strong>, studying modernization shows students how traditional artistic languages evolve to reflect modern urban life. Modernization does not mean traditional styles are erased; instead, it triggers a creative dialogue where modern African artists actively redefine their styles. Today's creative fields blend digital technology and international styles with local heritage. For pre-service teachers, studying this continuous transformation is vital for guiding students who grow up surrounded by modern pop culture, internet media, and global music trends.</p>
<h3>Key Concepts</h3>
<p>To analyze contemporary creative movements, students must understand modern design terminologies. <strong>Urban Popular Culture</strong> refers to the vibrant music, street art, fashion, and performance styles that grow within modern cities, reflecting the diverse daily lives of urban populations. <strong>Syncretism</strong> describes the intentional, creative blending of distinct cultural styles, technological tools, and philosophical traditions to produce innovative new artistic models. <strong>Digital Artistry</strong> includes the use of computer systems, graphic design software, animation suites, and online platforms to create, preserve, and share visual and performative content globally.</p>
<h3>Theoretical Framework</h3>
<p>This module is grounded in Homi Bhabha’s theory of the **Third Space of Enunciation** and Arjun Appadurai’s framework of **Global Cultural Flows (Scapes)**. Bhabha explained that the meeting of different cultures creates a dynamic, intermediate 'Third Space' where new identity expressions are continuously negotiated, free from the strict rules of past traditions. Appadurai’s model expands on this by showing that modern media, digital technology, and migration create fluid international networks through which ideas, sounds, and images travel rapidly, allowing local artists to connect with global audiences while maintaining their regional roots.</p>
<h3>Nigerian Context and Application</h3>
<p>Contemporary Nigeria stands as a powerful global engine of urban popular culture and modern artistic innovation. This creative energy is visible in the massive growth of **Nollywood**, which uses modern digital video technology to share authentic African narratives with audiences worldwide. Similarly, the global success of **Afrobeats music** combines traditional Yoruba and Igbo polyrhythms with modern electronic production and hip-hop beats, redefining the international music landscape. In the visual arts, the **Nsukka Art School**—pioneered by legendary figures like Professor Uche Okeke—demonstrated contemporary innovation by transforming traditional *Uli* drawing styles into modern abstract paintings, proving that ancestral design elements can adapt beautifully to contemporary international fine art platforms.</p>
<h3>Practical Classroom Implications</h3>
<p>For modern educators, the exciting world of contemporary art provides an excellent tool for increasing classroom engagement and connecting with students' everyday lives. Teachers can design **Multimedia Production Units** where students combine traditional stories with modern technology. For example, students can write digital comic books, design graphic posters, or record short video clips that address modern community issues like health awareness, environmental protection, or digital safety. By using accessible technology like smartphones or basic computer graphics software, teachers help students build valuable modern technical skills while discovering how to use their creative voices to positively shape their local culture.</p>
<h3>Summary</h3>
<p>Contemporary artistic expression in Nigeria updates traditional cultural roots using urban experiences, digital technology, and international style elements. Supported by theories of cultural hybridity and global media flows, this evolution proves that indigenous creative traditions remain resilient and highly adaptable. Teachers must build on these popular modern trends, using digital design and multimedia projects to help students create meaningful work that connects their deep heritage with their modern lives.</p>
<h3>References</h3>
  <li>Appadurai, A. (1996). <em>Modernity at Large: Cultural Dimensions of Globalization</em>. Minneapolis: University of Chicago Press.</li>
  <li>Bhabha, H. K. (1994). <em>The Location of Culture</em>. London: Routledge.</li>
  <li>Okeke, U. (1977). <em>Natural synthesis: A manifesto</em>. In *Natural Synthesis: Collected Essays*. Nsukka: Asele Institute.</li>
  <li>Haynes, J. (2016). <em>Nollywood: The Creation of Nigerian Film Genres</em>. Chicago: University of Chicago Press.</li>
  <li>Oikelome, A. (2012). <em>Stylistic analysis of Afrobeat music in contemporary Nigeria</em>. Journal of the Association of Nigerian Musicologists, 6, 12-24.</li>
</ul>",,1,1
13,13,"<h2>The Role of Museums and Cultural Institutions (EDA 106)</h2>
<h3>Introduction</h3>
<p>Museums, galleries, and public cultural repositories serve as crucial institutions for preserving, researching, and educating the public about a nation's material and artistic heritage. Within the pedagogical structure of <strong>EDA 106</strong>, analyzing these institutions helps pre-service teachers understand how communities manage their collective cultural assets. In the past, Western museums often functioned as storehouses for stolen colonial artifacts, displaying items out of context. However, modern African cultural repositories are completely redefining their roles. Today, they operate as active educational hubs, community spaces, and research institutions dedicated to restoring cultural identities. For future teachers, learning how to partner with these institutions is essential for extending learning beyond the classroom walls and providing students with meaningful encounters with real historical masterworks.</p>
<h3>Key Concepts</h3>
<p>To engage with cultural preservation systems effectively, students must understand specialized institutional terms. <strong>Curatorial Practice</strong> refers to the professional system of selecting, organizing, managing, researching, and displaying historical artifacts and artworks within an exhibition space. <strong>Cultural Preservation</strong> includes the legal, chemical, technical, and educational strategies used to protect tangible and intangible heritage from damage, theft, or historical erasure. <strong>Museology</strong> is the formal academic study of the history, social purpose, management systems, and educational methodologies used within public museum environments worldwide.</p>
<h3>Theoretical Framework</h3>
<p>This module is grounded in Eilean Hooper-Greenhill's framework of the **New Museology** and Stephen Weil’s theoretical shift from **Being 'About Something' to Being 'For Somebody'**. Hooper-Greenhill challenged traditional, authoritarian museum models, arguing that modern galleries must operate as active, democratic spaces that invite diverse communities to interpret meaning together. Weil’s model directly supports this by showing that a museum's ultimate success should not be measured just by the size of its collection, but by its real-world educational impact on the community, using its resources to empower citizens, support schools, and enrich public dialogue.</p>
<h3>Nigerian Context and Application</h3>
<p>The institutional care of heritage in Nigeria is managed by the **National Commission for Museums and Monuments (NCMM)**, which runs national museums in major historic centers like Benin City, Ife, Kaduna, Jos, and Lagos. The **National Museum in Lagos** houses priceless collections of Nok terracottas, ancient masks, and historical carvings, serving as a vital resource for school visits and academic research. Furthermore, the global movement for the **Repatriation of the Benin Bronzes**—which has seen international universities and museums return looted treasures to the Royal Court of Benin—demonstrates a historic change in international cultural relations. This process returns long-lost historical archives to their rightful communities, opening up exciting new opportunities for localized historical research and museum education in Nigeria.</p>
<h3>Practical Classroom Implications</h3>
<p>For secondary school teachers, cultural institutions provide an excellent extension of the daily classroom space. Teachers should move beyond standard sightseeing trips and instead organize highly structured **Museum Field-Study Practicums**. Before the visit, students receive research guides prompting them to analyze specific historical objects. During the tour, students sketch artifacts, interview curators, and analyze exhibition layouts. Back in the school studio, students can complete **Pop-Up Classroom Museum Projects**. In these tasks, students collect, research, label, and display local historical objects, family heirlooms, or traditional crafts from their own homes, turning their classroom into a living museum space and building valuable skills in historical research and public presentation.</p>
<h3>Summary</h3>
<p>Modern cultural institutions serve as vital educational centers that preserve material history and rebuild community identity. Grounded in the principles of new museology, these spaces are shifting from passive storehouses into democratic laboratories of learning and dialogue. Teachers must leverage these community resources by organizing structured field studies and classroom exhibitions, helping students connect directly with physical artifacts and discover how historical curation preserves a society's collective memory.</p>
<h3>References</h3>
<ul class='references'>
  <li>Hooper-Greenhill, E. (1992). <em>Museums and the Shaping of Knowledge</em>. London: Routledge.</li>
  <li>NCMM. (2015). <em>Master Plan for the Preservation of Nigerian Material Heritage</em>. Abuja: National Commission for Museums and Monuments.</li>
  <li>Weil, S. E. (2002). <em>Making Museums Matter</em>. Washington: Smithsonian Institution Press.</li>
  <li>Opoku, K. (2012). <em>The restitution of the Benin Bronzes: Cultural identity and international law</em>. African Arts Quarterly, 15(2), 45-62.</li>
  <li>Afigbo, A. E. (1985). <em>The Museum and Nation Building in Nigeria</em>. Owerri: Government Printer.</li>
</ul>",,1,1
14,14,"<h2>Arts and National Integration in Nigeria (EDA 106)</h2>
<h3>Introduction</h3>
<p>The continuous journey of building a unified national identity within a diverse multi-ethnic society like Nigeria requires creative tools that foster mutual understanding, empathy, and peaceful coexistence. Within the final module of <strong>EDA 106</strong>, the creative arts are examined as dynamic instruments for civic healing and national integration. Artistic languages possess a unique ability to communicate across deep ethnic, religious, and regional divisions, providing safe spaces for open dialogue. For undergraduate pre-service teachers, mastering these integration strategies is a vital civic responsibility. It equips them to use creative writing, collaborative drama, and school-wide exhibitions to dismantle negative stereotypes, celebrate shared histories, and build a culture of peace and mutual respect among students from diverse backgrounds.</p>
<h3>Key Concepts</h3>
<p>To explore the civic value of the creative arts, students must understand core social integration terms. <strong>National Integration</strong> is the ongoing social and political process of bringing diverse ethnic, religious, and regional groups into a unified, harmonious national community with a shared sense of belonging. <strong>Social Cohesion</strong> refers to the strength of the relationships and moral bonds that connect citizens within a society, built on shared trust, equity, and mutual respect. <strong>Artistic Diplomacy</strong> describes the strategic use of creative performances, traveling exhibitions, and collaborative cultural festivals to build positive relationships, clear away historical misunderstandings, and encourage peaceful coexistence among differing groups.</p>
<h3>Theoretical Framework</h3>
<p>This module is built on the foundations of Gordon Allport's **Contact Hypothesis** and Jürgen Habermas's theory of the **Public Sphere**. Allport's psychological model establishes that prejudice between different groups can be dramatically reduced when they work together under conditions of equal status, common goals, and institutional support. Habermas's theory adds to this by showing that democratic societies require open, creative 'public spheres'—such as theaters, community festivals, and literature forums—where citizens can freely meet, discuss shared challenges, and build mutual values through open communication, free from political force.</p>
<h3>Nigerian Context and Application</h3>
<p>Nigeria has created major institutional structures that use the arts to promote national unity. The **National Festival of Arts and Culture (NAFEST)** operates as an annual 'cultural olympics,' gathering performers, artists, and craftsmen from all 36 states to share heritages, celebrate diversity, and build lasting relationships under a shared banner of peace. Similarly, the **National Troupe of Nigeria** choreographs unified performances that fuse dances, songs, and histories from various regions into single presentations, performing globally to display Nigeria's rich, unified heritage. In school systems, the mandatory **National Youth Service Corps (NYSC)** uses cultural competitions during orientation camps to help young graduates discover and appreciate the heritages of their host communities, using performance to build national friendship.</p>
<h3>Practical Classroom Implications</h3>
<p>In daily school settings, teachers can put these integration concepts into practice by designing collaborative projects that require intercultural teamwork. Educators should move away from competitive tasks that pit different groups against each other, and instead establish **Intercultural Collaboration Projects**. For example, students from diverse backgrounds can work in teams to research, write, and perform a dramatic play that weaves together folk songs, languages, and traditional stories from different regions to solve a modern community challenge. By sharing their heritages and working toward a common goal, students naturally build deep mutual respect, clear away prejudices, and discover how their unique identities contribute to a richer national community.</p>
<h3>Summary</h3>
<p>The creative arts serve as powerful tools for reducing social prejudice, building trust, and supporting national integration in diverse societies. Grounded in the contact hypothesis and public sphere theory, collaborative creative projects provide safe spaces for open dialogue and mutual appreciation. Teachers must actively design integrated, team-based arts projects that challenge students to share heritages and solve problems together, using creativity to build a peaceful, unified future generation.</p>
<h3>References</h3>
<ul class='references'>
  <li>Allport, G. W. (1954). <em>The Nature of Prejudice</em>. Cambridge: Addison-Wesley.</li>
  <li>Habermas, J. (1989). <em>The Structural Transformation of the Public Sphere</em>. Cambridge: MIT Press.</li>
  <li>Federal Ministry of Youth and Sports Development. (2016). <em>The NYSC Orientation Manual: Cultural Integration Directives</em>. Abuja: NYSC Directorate.</li>
  <li>Yerima, A. (2005). <em>Theatre and Culture: The Nigerian Experience</em>. Ibadan: Kraft Books.</li>
  <li>Nwabueze, E. (2011). <em>Visions of Nationhood in Contemporary Nigerian Drama</em>. Enugu: ABIC Books.</li>
</ul>",,1,1
